ClientID,LandSize
1,0.0
2,0.0
3,1.0
5,0.5
7,1.5
11,1.0
12,0.5
14,0.5
15,1.0
22,0.5
24,0.5
26,0.5
27,0.5
30,0.5
32,0.5
35,1.0
47,1.0
55,1.0
65,0.5
68,0.5
78,1.0
80,1.0
81,0.5
82,1.5
83,1.0
85,1.0
88,1.0
95,0.5
96,0.5
99,0.5
100,0.5
101,0.5
103,0.5
104,0.5
105,0.5
106,0.5
114,1.0
115,1.0
118,0.5
121,0.5
124,1.0
130,5.0
131,1.0
139,0.5
141,0.5
142,0.5
144,0.5
145,0.5
148,0.5
149,0.5
150,1.5
152,0.5
155,0.5
161,0.5
170,2.0
171,0.5
172,0.5
173,0.5
174,0.5
178,0.5
189,0.5
190,0.5
193,0.5
194,0.5
195,0.5
197,0.5
198,1.0
199,0.5
200,0.5
201,0.5
212,0.5
213,0.5
214,0.5
216,0.5
217,1.0
220,0.5
221,0.5
222,0.5
226,0.5
227,0.5
228,0.5
230,1.0
231,0.5
232,0.5
234,0.5
235,1.0
236,0.5
237,0.5
238,0.5
242,0.5
243,0.5
244,0.5
245,0.5
246,0.5
247,0.5
248,0.5
249,0.5
250,1.0
253,0.5
265,1.0
267,1.0
268,0.5
269,1.0
275,0.5
276,0.5
280,0.5
281,0.5
286,0.5
287,0.5
288,1.5
290,1.0
291,1.0
292,1.0
293,0.5
294,1.0
295,1.0
297,0.5
298,1.0
309,1.0
323,1.0
330,0.5
332,0.5
333,1.5
337,1.0
338,0.5
357,0.5
359,0.5
361,1.0
363,0.5
365,1.5
366,0.5
367,0.5
369,2.0
370,0.5
374,1.0
375,1.0
376,1.0
378,1.0
381,1.0
382,1.0
384,1.0
386,1.0
390,1.0
391,0.5
394,0.5
395,0.5
396,0.5
397,0.5
398,1.0
399,0.5
400,0.5
403,0.5
405,1.0
406,0.5
407,0.5
409,0.5
410,0.5
411,0.5
412,0.5
421,0.5
428,0.5
429,1.0
434,0.5
435,1.0
436,0.5
446,0.5
447,1.0
449,0.5
451,0.5
452,0.5
484,1.0
485,2.0
486,1.0
487,1.0
489,1.0
492,1.0
493,1.0
494,0.5
502,0.5
504,0.75
527,0.5
528,0.75
529,0.5
530,0.5
532,0.5
533,0.5
535,1.0
538,1.0
549,0.5
550,0.5
551,0.5
571,0.5
572,0.75
573,0.5
580,1.0
581,0.5
584,2.0
585,1.0
586,1.0
591,1.0
593,0.5
594,0.5
597,0.75
600,0.5
603,1.0
606,0.5
610,0.5
612,0.5
614,0.5
618,0.5
619,0.5
621,0.5
624,0.5
625,1.0
626,0.5
627,0.5
628,2.0
633,0.5
636,0.5
637,1.0
638,0.5
640,1.0
648,1.5
653,0.75
654,1.5
655,2.0
663,0.5
666,1.0
671,1.0
673,1.5
674,1.0
684,0.5
685,0.5
686,0.5
689,1.0
690,0.5
691,1.0
700,1.0
707,0.5
708,1.5
711,0.5
714,0.5
717,1.0
730,0.75
731,0.5
732,0.5
736,0.5
738,0.5
740,0.5
741,1.0
742,0.75
744,1.5
754,0.5
760,0.5
761,0.5
762,1.0
763,1.0
767,0.5
769,1.0
770,0.5
771,0.5
773,0.5
774,0.5
775,0.5
776,0.5
777,1.0
778,1.0
785,1.0
786,1.0
787,0.5
789,0.75
792,0.5
800,0.5
801,1.5
805,0.75
806,0.5
807,0.5
811,0.5
826,0.5
829,0.5
834,0.5
835,0.5
836,0.5
837,1.5
838,0.5
845,0.5
846,0.5
847,0.5
848,1.0
849,0.5
850,0.5
852,0.5
854,0.5
855,0.5
859,1.0
860,0.5
861,1.0
862,0.5
864,2.0
865,0.5
866,0.5
868,0.5
869,0.5
873,0.5
878,0.5
880,0.5
881,0.5
887,0.5
888,0.5
892,0.5
895,0.75
896,0.5
897,1.0
899,1.0
900,1.0
904,1.5
907,1.0
909,0.5
910,0.5
911,0.75
916,0.5
917,0.5
918,0.5
920,0.5
925,0.5
931,1.0
944,0.5
946,0.5
959,0.5
961,0.5
962,0.5
964,0.5
965,0.5
966,2.0
967,0.5
968,0.5
976,0.75
978,1.0
979,0.5
981,1.0
982,0.5
983,1.0
984,0.5
985,0.5
986,1.0
988,0.5
989,1.0
990,0.5
993,0.5
996,1.0
997,1.0
1000,0.5
1002,0.0
1006,0.5
1008,0.5
1011,0.5
1014,0.5
1020,0.5
1021,0.5
1026,0.5
1041,0.5
1044,0.5
1045,1.0
1062,1.0
1063,0.5
1070,2.5
1071,0.5
1072,1.0
1073,1.0
1074,0.5
1075,0.5
1076,0.5
1077,0.5
1078,1.0
1084,0.5
1089,0.5
1090,0.5
1096,0.5
1100,0.5
1112,0.5
1117,0.5
1122,0.5
1123,0.5
1124,0.5
1126,0.5
1127,0.5
1128,0.5
1129,0.5
1131,1.5
1132,0.5
1134,0.5
1135,0.5
1143,0.5
1147,0.5
1157,0.5
1158,0.5
1160,0.5
1161,0.5
1172,1.0
1182,0.5
1186,0.5
1188,0.5
1189,0.5
1190,1.0
1198,0.5
1199,1.0
1210,1.5
1213,1.5
1217,1.0
1221,1.0
1231,0.5
1234,0.5
1235,0.5
1236,1.0
1238,0.5
1239,0.5
1240,0.5
1249,0.5
1250,0.5
1251,0.5
1252,0.5
1255,0.5
1262,1.5
1264,0.75
1266,0.75
1270,1.0
1279,0.5
1281,1.0
1282,0.5
1283,0.5
1284,0.5
1285,1.0
1286,0.5
1287,0.5
1289,0.5
1290,0.5
1291,0.5
1292,0.5
1293,0.5
1297,0.5
1300,0.5
1302,0.5
1304,0.5
1309,0.5
1320,0.5
1321,0.5
1323,0.5
1328,0.5
1332,0.75
1336,0.5
1337,1.0
1343,0.5
1344,0.5
1346,0.5
1348,1.0
1349,0.5
1351,0.5
1353,0.5
1357,0.5
1360,1.0
1361,0.5
1362,0.5
1364,0.5
1365,0.5
1366,0.5
1368,1.0
1369,0.5
1370,0.5
1371,0.5
1376,0.5
1378,1.0
1379,0.5
1381,0.5
1382,0.5
1383,1.0
1385,0.5
1388,1.0
1392,1.0
1393,1.5
1396,0.5
1397,0.5
1398,0.5
1403,0.5
1408,0.5
1411,0.5
1413,0.5
1415,1.0
1416,2.5
1417,0.5
1419,2.0
1420,0.5
1421,0.5
1422,1.0
1430,0.5
1431,1.0
1433,0.5
1435,1.0
1451,0.5
1459,0.5
1472,2.0
1476,0.5
1478,1.0
1480,0.5
1502,1.5
1503,0.75
1504,0.0
1506,0.5
1509,0.5
1510,1.0
1511,1.5
1514,1.0
1518,0.5
1522,0.5
1523,1.0
1534,0.5
1539,0.5
1543,0.5
1544,0.5
1546,1.0
1550,1.0
1552,0.5
1554,0.5
1588,0.5
1599,0.5
1604,1.0
1608,2.0
1624,0.5
1626,0.5
1627,1.0
1650,1.0
1657,0.5
1658,1.5
1659,1.5
1684,0.5
1685,1.0
1694,0.5
1695,1.0
1697,1.0
1707,0.5
1709,0.5
1710,0.5
1712,0.5
1720,1.5
1725,2.0
1734,0.5
1765,1.5
1767,0.5
1770,0.5
1771,1.0
1773,0.5
1774,0.5
1779,0.5
1782,0.0
1787,0.5
1806,0.5
1807,0.5
1808,0.5
1814,1.25
1830,2.0
1840,0.5
1844,0.5
1846,1.5
1849,0.5
1850,1.0
1852,0.5
1869,0.5
1872,1.0
1873,0.5
1918,0.5
1929,0.5
1939,1.0
1946,0.5
1948,0.5
1951,0.5
1964,0.5
1970,1.0
1971,0.5
1977,1.0
1988,1.0
1990,0.5
1993,0.5
1994,0.5
1995,1.0
1996,1.0
2004,0.75
2026,0.5
2031,1.5
2038,0.5
2053,0.5
2056,1.0
2057,0.5
2059,0.5
2061,1.0
2064,0.5
2084,1.0
2085,0.5
2086,1.0
2095,0.5
2109,1.5
2110,1.0
2114,2.5
2116,1.0
2123,0.5
2132,1.0
2133,1.0
2134,0.5
2136,1.0
2141,1.0
2144,0.75
2167,0.5
2168,0.5
2169,0.75
2170,0.5
2171,0.5
2172,1.0
2173,0.5
2174,0.5
2184,0.5
2192,0.5
2193,1.0
2196,0.5
2201,0.5
2203,0.5
2205,0.5
2206,0.5
2208,1.5
2209,1.5
2210,0.5
2211,1.0
2212,1.0
2218,0.5
2220,1.0
2233,0.5
2235,2.0
2236,0.5
2237,1.0
2238,1.0
2240,0.5
2243,0.5
2246,1.0
2247,0.5
2249,0.5
2253,1.0
2254,1.0
2255,0.5
2256,1.0
2257,1.0
2259,1.5
2261,0.5
2262,0.5
2266,3.5
2267,0.5
2273,0.5
2574,0.5
2575,0.5
2576,0.5
2577,0.5
2579,0.5
2580,0.5
2586,0.5
2589,0.5
2593,0.5
2596,0.5
2597,0.5
2598,0.5
2599,1.0
2600,0.5
2601,0.5
2602,1.0
2603,1.0
2604,1.0
2605,1.0
2607,0.5
2610,1.0
2618,0.5
2619,0.5
2621,0.5
2622,0.5
2623,0.5
2624,0.5
2625,0.5
2626,0.5
2627,0.75
2629,0.5
2631,0.5
2632,0.5
2633,2.0
2634,0.5
2635,0.5
2637,1.0
2638,0.5
2640,0.5
2641,0.5
2642,1.0
2643,0.5
2644,0.5
2647,0.5
2649,0.5
2651,0.5
2652,0.5
2657,0.5
2659,0.5
2664,1.0
2665,0.5
2666,0.5
2667,0.5
2670,0.5
2671,0.5
2675,0.5
2678,0.5
2680,0.75
2682,2.0
2683,0.5
2684,0.5
2685,0.5
2687,1.0
2688,0.75
2690,0.5
2691,1.0
2693,1.0
2694,1.0
2700,0.5
2701,0.5
2702,0.5
2703,0.5
2704,0.5
2705,0.5
2707,0.5
2708,0.5
2709,1.0
2710,0.5
2712,0.5
2713,1.5
2714,0.5
2715,1.0
2716,1.5
2718,0.75
2719,1.0
2723,0.5
2724,1.0
2725,0.5
2729,1.0
2730,1.0
2732,2.0
2735,1.0
2742,1.0
2744,1.0
2746,0.5
2747,0.5
2748,0.5
2749,0.5
2751,0.5
2754,1.0
2756,0.5
2758,0.5
2759,1.0
2760,0.5
2762,0.5
2764,1.0
2765,3.0
2766,0.5
2768,0.5
2769,1.0
2770,0.75
2771,0.5
2772,0.5
2773,0.5
2774,0.5
2775,1.0
2776,0.5
2778,1.0
2780,2.0
2781,0.5
2783,0.5
2784,0.5
2785,1.0
2787,0.5
2788,0.5
2790,0.5
2791,0.5
2794,0.5
2796,1.0
2798,0.5
2800,0.5
2801,0.5
2802,0.5
2803,0.5
2804,1.0
2805,0.5
2806,0.5
2808,0.5
2809,0.5
2811,0.5
2812,1.0
2813,0.5
2814,0.5
2817,1.0
2819,1.0
2820,0.75
2823,1.0
2825,1.0
2827,1.0
2829,0.5
2831,0.5
2833,0.5
2835,0.5
2845,0.5
2846,0.5
2847,0.5
2848,0.5
2849,0.0
2850,0.5
2851,0.5
2888,2.5
2889,0.5
2890,0.5
2891,0.5
2893,1.0
2894,1.0
2895,0.5
2897,1.0
2900,0.5
2901,0.5
2902,1.0
2903,0.5
2904,0.5
2905,1.0
2906,1.0
2907,1.0
2908,0.5
2909,1.0
2911,0.5
2912,0.5
2913,0.5
2914,0.5
2916,1.0
2917,0.5
2918,1.0
2919,1.5
2920,1.0
2921,0.5
2922,1.0
2923,0.5
2927,1.5
2933,0.75
2935,1.5
2937,1.0
2938,1.0
2940,1.0
2942,1.0
2943,1.5
2944,1.25
2945,1.0
2946,2.0
2947,1.0
2948,0.75
2950,0.5
2953,2.0
2954,0.5
2955,1.0
2957,0.75
2958,0.75
2959,0.5
2960,0.5
2961,1.0
2962,0.75
2963,0.75
2964,1.5
2966,0.5
2967,0.5
2968,1.0
2969,0.5
2971,0.5
2972,0.5
2973,0.5
2974,0.5
2975,1.0
2976,0.5
2978,0.5
2979,0.5
2985,0.5
2988,0.5
2990,0.5
2994,0.5
2997,2.0
2999,0.5
3000,0.5
3001,0.5
3003,0.5
3009,0.5
3019,1.0
3020,2.0
3022,1.0
3032,0.5
3033,0.5
3035,0.5
3036,5.0
3039,1.0
3040,2.0
3041,0.5
3042,1.5
3046,1.0
3048,1.5
3049,0.5
3051,0.5
3052,0.5
3054,1.0
3055,0.75
3058,0.5
3061,1.0
3062,0.5
3064,0.5
3065,0.5
3067,1.5
3068,0.5
3069,2.0
3070,0.5
3073,0.5
3074,0.75
3075,0.5
3076,0.5
3079,0.5
3082,1.0
3083,0.5
3084,0.5
3085,0.5
3086,0.5
3087,0.5
3088,0.5
3090,0.5
3091,0.75
3093,0.5
3099,2.0
3103,0.5
3104,0.5
3105,0.5
3114,0.5
3115,0.75
3116,0.5
3117,0.5
3119,0.5
3122,0.5
3123,0.5
3124,0.5
3125,0.5
3126,0.5
3128,0.5
3129,1.0
3131,0.5
3132,0.75
3134,0.5
3136,0.5
3137,0.5
3139,0.5
3141,0.5
3142,0.5
3143,0.5
3144,0.5
3145,0.5
3148,0.75
3152,1.0
3153,1.0
3154,0.5
3159,0.5
3162,0.5
3163,0.5
3165,0.5
3166,0.5
3167,0.5
3168,0.5
3170,0.5
3173,0.5
3174,1.0
3175,0.5
3177,0.5
3180,0.5
3181,0.5
3182,0.5
3183,0.5
3184,0.5
3185,0.5
3188,1.0
3189,0.5
3190,0.5
3191,0.5
3192,0.5
3195,0.5
3196,1.0
3197,0.5
3198,0.5
3199,0.5
3201,1.0
3205,1.0
3208,0.5
3211,1.0
3212,0.75
3215,2.0
3222,0.5
3223,0.5
3225,2.0
3226,0.5
3227,0.5
3228,1.0
3229,0.5
3230,0.5
3232,0.5
3233,0.5
3235,0.5
3236,1.5
3238,1.0
3239,0.5
3240,0.5
3241,0.5
3243,0.5
3244,0.5
3246,0.5
3248,1.5
3249,1.5
3250,1.5
3253,1.0
3254,0.5
3257,0.5
3258,0.5
3259,0.5
3260,0.75
3261,0.5
3263,1.0
3264,0.5
3269,0.5
3271,0.5
3272,0.5
3273,0.5
3280,0.5
3285,0.5
3286,0.5
3287,0.5
3289,0.5
3290,0.5
3291,0.5
3293,0.5
3294,0.5
3298,0.75
3299,0.5
3301,0.5
3302,0.5
3306,0.5
3307,1.0
3308,0.5
3309,0.5
3310,0.5
3312,0.5
3313,0.5
3314,2.5
3315,0.5
3316,2.0
3317,0.5
3318,0.5
3319,0.5
3320,2.5
3321,0.5
3322,0.5
3323,1.5
3326,0.75
3328,0.5
3329,0.5
3330,0.5
3333,0.5
3335,0.5
3336,0.5
3337,0.5
3338,0.75
3339,1.5
3340,0.5
3341,0.5
3344,0.5
3347,0.5
3349,1.0
3350,0.5
3351,0.5
3352,0.5
3353,0.5
3354,0.5
3355,2.0
3356,0.5
3357,0.5
3358,2.0
3361,0.5
3362,1.0
3364,0.5
3365,0.5
3366,0.5
3367,0.5
3368,0.5
3369,1.0
3371,1.0
3372,0.5
3373,0.5
3375,1.0
3376,1.0
3377,1.0
3380,0.5
3382,0.5
3384,0.5
3388,0.5
3391,0.5
3392,0.5
3393,0.5
3394,0.5
3395,0.5
3396,0.5
3398,0.5
3401,0.5
3402,0.5
3403,0.5
3406,1.0
3408,0.5
3409,0.5
3412,0.5
3413,0.5
3415,0.5
3417,0.5
3421,0.5
3423,0.5
3430,0.5
3431,0.5
3433,0.5
3435,2.0
3436,0.5
3437,1.0
3438,1.0
3439,0.5
3440,0.5
3441,0.5
3443,0.5
3444,0.5
3445,0.5
3446,0.5
3447,0.5
3448,0.5
3449,0.5
3450,0.5
3451,1.5
3452,1.0
3453,0.5
3454,0.5
3455,0.5
3456,1.0
3458,0.5
3461,0.5
3462,0.5
3463,0.5
3465,1.0
3471,0.5
3473,0.75
3474,0.5
3479,0.5
3482,0.5
3483,0.5
3487,0.5
3489,0.5
3491,0.5
3493,0.5
3494,2.0
3497,1.0
3499,0.5
3500,0.5
3501,0.5
3505,0.5
3508,0.5
3509,0.75
3512,1.0
3513,0.5
3514,1.0
3520,0.5
3521,0.5
3523,0.5
3524,0.5
3526,0.5
3527,0.5
3528,1.0
3530,0.5
3532,0.5
3535,0.5
3536,0.5
3538,1.5
3539,0.5
3540,0.5
3541,0.5
3543,0.5
3544,2.0
3549,0.5
3550,0.5
3551,0.5
3553,1.0
3557,1.0
3558,0.5
3559,1.0
3566,1.0
3567,1.0
3568,0.5
3570,0.75
3571,0.5
3572,0.5
3573,0.75
3574,0.5
3575,1.0
3576,1.5
3580,2.0
3581,0.5
3582,0.5
3583,1.0
3586,0.5
3587,0.5
3588,0.5
3589,0.5
3590,0.5
3591,0.5
3592,0.5
3593,1.0
3594,0.5
3595,0.5
3596,1.0
3597,1.0
3598,0.5
3599,0.5
3600,0.5
3601,1.0
3602,1.0
3603,0.5
3604,0.5
3605,0.5
3606,1.0
3607,1.0
3608,0.5
3609,0.5
3611,0.5
3612,1.0
3613,0.5
3614,0.5
3615,0.5
3616,0.5
3617,0.5
3618,0.5
3619,0.5
3621,0.5
3622,1.0
3623,1.0
3624,0.5
3625,0.5
3636,0.5
3637,0.5
3639,0.5
3640,0.5
3641,0.5
3642,0.5
3648,1.0
3658,0.5
3660,0.5
3661,0.5
3662,0.5
3663,0.5
3664,0.5
3665,0.5
3667,0.5
3669,0.5
3670,1.0
3672,0.5
3675,0.5
3676,0.5
3677,0.5
3678,0.5
3679,0.5
3681,0.5
3682,0.5
3683,0.5
3684,0.5
3685,0.5
3686,0.5
3687,0.5
3688,0.5
3690,0.5
3691,0.75
3692,1.0
3693,1.0
3694,0.5
3695,1.0
3696,0.75
3697,0.5
3698,0.5
3699,1.0
3701,0.5
3702,0.5
3704,0.5
3705,0.5
3706,0.5
3709,0.5
3710,0.5
3711,0.5
3712,1.0
3713,0.5
3714,0.5
3715,0.5
3716,2.5
3718,0.5
3719,1.5
3720,0.5
3727,0.5
3728,0.5
3729,0.5
3730,1.0
3731,0.5
3732,0.5
3733,0.5
3736,0.5
3739,0.5
3740,0.5
3741,0.5
3742,1.0
3743,0.5
3744,0.5
3749,0.5
3750,0.5
3751,0.5
3752,0.5
3753,0.5
3754,0.5
3756,0.5
3757,0.5
3762,0.5
3763,0.5
3764,0.5
3766,0.5
3767,0.5
3772,0.5
3773,1.0
3776,0.5
3781,0.5
3782,2.5
3783,1.0
3784,1.0
3785,0.5
3786,0.5
3790,0.5
3791,1.5
3796,0.5
3797,0.5
3798,0.5
3801,1.0
3808,0.5
3812,1.0
3814,0.5
3816,0.5
3817,0.75
3818,1.0
3819,1.0
3820,1.0
3821,1.0
3823,0.5
3824,0.5
3826,1.25
3828,1.5
3831,0.5
3832,0.5
3833,0.5
3834,1.0
3835,0.5
3836,0.5
3839,0.5
3840,0.5
3841,0.5
3842,0.5
3843,2.0
3844,0.5
3847,1.0
3851,0.5
3852,0.5
3853,0.5
3854,0.5
3855,0.5
3856,0.5
3857,0.5
3858,2.0
3859,1.0
3861,1.0
3862,0.5
3863,2.0
3865,0.5
3866,0.5
3867,2.0
3868,0.5
3870,0.5
3880,0.5
3881,0.5
3882,0.5
3883,0.5
3885,0.5
3886,0.5
3888,0.75
3889,0.5
3891,0.5
3897,1.0
3898,0.5
3899,0.5
3901,0.5
3904,1.0
3905,1.0
3906,0.5
3907,0.5
3908,1.0
3909,0.5
3912,0.5
3915,1.0
3916,0.5
3917,1.5
3918,0.5
3920,1.0
3923,0.5
3924,0.5
3925,0.5
3927,0.5
3928,0.5
3931,0.5
3932,1.0
3933,0.5
3935,0.5
3936,0.5
3937,0.5
3940,0.5
3941,1.0
3942,0.5
3943,0.5
3944,0.5
3946,0.5
3948,0.5
3949,0.5
3950,0.5
3951,0.5
3952,0.5
3953,1.0
3954,0.5
3956,0.5
3957,0.5
3958,1.0
3959,0.5
3960,0.5
3965,1.0
3969,0.5
3973,0.5
3974,0.5
3975,0.5
3976,0.5
3977,0.5
3978,0.5
3981,0.5
3983,0.75
3984,0.5
3985,0.5
3987,1.0
3989,0.5
3990,0.5
3991,0.5
3992,0.5
4000,0.5
4002,0.5
4003,1.0
4004,0.5
4006,0.5
4007,0.5
4008,0.5
4009,0.5
4011,0.5
4012,1.0
4013,0.5
4014,1.0
4015,0.5
4017,0.5
4018,0.5
4019,0.5
4021,0.5
4022,0.5
4024,0.5
4026,0.5
4027,0.5
4028,0.5
4029,0.5
4031,0.5
4032,0.5
4033,0.75
4034,0.75
4037,0.5
4038,1.0
4040,0.5
4041,0.5
4047,0.5
4049,1.0
4050,0.5
4052,0.5
4053,0.5
4054,0.5
4055,0.5
4056,0.5
4057,1.0
4059,0.5
4068,0.5
4071,0.0
4074,1.5
4076,1.0
4078,1.5
4080,0.5
4083,0.5
4085,0.5
4086,0.5
4088,0.5
4089,0.5
4091,0.5
4092,0.75
4094,0.5
4095,0.5
4097,1.0
4099,1.0
4100,0.5
4101,0.5
4102,1.0
4103,0.5
4104,1.0
4106,1.0
4108,1.0
4109,1.0
4110,1.0
4112,0.5
4115,0.5
4116,0.5
4117,0.5
4118,1.0
4119,0.5
4120,1.0
4122,0.5
4124,1.0
4125,0.5
4126,1.0
4127,0.5
4128,0.5
4130,1.5
4131,0.5
4132,1.0
4133,0.5
4135,0.75
4137,0.75
4138,0.5
4140,0.5
4141,0.5
4142,0.5
4143,1.0
4144,0.5
4145,1.0
4146,1.0
4148,0.5
4149,0.5
4150,0.5
4151,0.5
4153,0.75
4155,0.5
4156,1.0
4157,0.5
4159,0.5
4167,0.5
4169,0.5
4170,1.0
4171,0.5
4174,0.5
4175,0.5
4177,0.5
4178,0.5
4179,0.75
4183,0.5
4184,0.5
4185,0.5
4187,0.5
4190,0.5
4193,0.5
4194,0.5
4198,1.0
4199,0.75
4200,0.5
4201,0.5
4202,0.5
4203,0.5
4204,0.75
4205,0.5
4211,0.75
4212,0.5
4215,0.75
4221,1.0
4228,0.5
4231,0.5
4232,0.5
4235,0.5
4236,0.5
4237,0.5
4238,1.0
4239,0.5
4240,0.5
4241,0.5
4243,0.5
4244,0.75
4245,0.5
4251,1.0
4252,1.0
4254,1.0
4262,0.5
4263,1.5
4265,0.5
4267,0.5
4268,0.5
4270,0.5
4271,0.5
4273,0.5
4274,2.0
4275,1.0
4276,0.5
4277,0.5
4278,0.5
4280,1.0
4281,0.5
4282,0.5
4283,0.5
4285,1.0
4286,1.5
4287,0.5
4289,0.5
4290,0.5
4293,1.0
4294,0.5
4295,0.5
4296,1.0
4297,1.0
4298,1.0
4299,0.5
4300,1.0
4301,0.5
4302,0.75
4303,0.75
4305,1.0
4309,0.5
4310,2.5
4311,0.75
4312,0.5
4313,1.0
4314,1.0
4315,1.0
4316,0.5
4317,0.5
4318,1.0
4319,0.5
4320,0.5
4322,0.5
4323,1.0
4324,0.5
4325,0.5
4326,1.0
4327,1.5
4328,1.0
4329,0.5
4330,0.5
4331,0.5
4332,0.5
4333,1.0
4334,0.5
4336,0.75
4338,1.0
4341,0.5
4342,1.0
4343,0.5
4351,3.0
4352,0.5
4353,2.0
4354,1.0
4356,2.0
4357,0.5
4360,0.5
4362,1.0
4366,1.0
4369,0.5
4370,0.5
4373,0.5
4374,0.5
4376,0.5
4377,0.5
4381,0.75
4382,0.5
4383,0.5
4384,0.5
4385,0.5
4388,0.5
4389,0.5
4390,1.0
4391,0.75
4395,0.5
4396,0.5
4397,0.5
4399,0.75
4400,0.5
4401,0.5
4402,0.5
4403,1.0
4405,1.0
4406,0.5
4407,0.5
4409,0.5
4410,0.5
4414,0.5
4416,0.5
4417,0.5
4419,0.5
4420,0.5
4421,0.5
4422,0.5
4424,0.5
4425,0.5
4426,0.5
4427,0.5
4428,0.5
4429,0.5
4432,0.5
4435,0.75
4436,1.0
4437,0.5
4438,0.5
4439,2.0
4440,0.5
4441,1.0
4442,1.0
4443,0.5
4444,1.0
4445,0.5
4446,0.5
4448,0.5
4449,0.5
4450,0.5
4453,0.5
4456,0.5
4457,0.5
4458,0.5
4459,0.5
4460,0.5
4463,0.5
4464,0.5
4465,0.5
4466,0.75
4469,0.5
4470,0.75
4471,0.5
4472,0.5
4473,0.5
4474,0.5
4475,0.5
4476,0.5
4477,1.0
4478,0.5
4479,0.5
4480,0.5
4482,0.5
4483,0.5
4484,0.75
4485,0.5
4486,0.5
4487,0.5
4488,0.5
4489,0.5
4492,0.5
4493,0.5
4495,0.5
4496,0.5
4497,1.5
4499,0.5
4501,0.5
4502,0.5
4503,0.5
4504,1.0
4506,0.5
4507,0.5
4508,0.5
4509,0.5
4510,0.5
4511,0.5
4512,1.0
4513,0.5
4514,0.5
4515,0.5
4517,0.5
4520,0.5
4521,0.5
4522,0.5
4524,1.0
4525,0.5
4526,0.5
4530,1.0
4531,0.5
4532,1.0
4533,2.0
4534,2.0
4535,0.5
4536,0.5
4537,0.5
4541,0.5
4547,2.0
4549,0.5
4551,0.75
4552,0.5
4555,1.0
4558,0.75
4559,0.5
4563,1.0
4564,0.5
4566,1.0
4567,0.5
4568,0.5
4569,0.5
4570,1.0
4571,0.5
4572,0.5
4573,0.5
4574,0.75
4575,0.5
4576,0.5
4578,0.5
4579,0.5
4580,0.5
4582,1.5
4583,0.5
4584,0.75
4586,1.5
4587,0.5
4589,1.0
4590,0.5
4591,1.0
4592,0.5
4594,1.0
4595,0.5
4596,0.5
4598,2.0
4599,1.0
4600,1.5
4601,1.0
4603,1.0
4607,0.5
4608,2.0
4609,1.5
4610,1.0
4611,0.5
4613,0.5
4615,1.0
4618,0.5
4625,0.5
4626,0.5
4627,0.5
4629,0.5
4631,0.5
4632,0.5
4633,0.5
4634,0.5
4636,0.75
4637,0.5
4638,0.75
4641,1.0
4643,0.5
4645,0.5
4646,0.5
4648,0.5
4651,2.0
4652,0.5
4653,0.5
4654,0.5
4655,0.5
4657,0.5
4658,0.5
4660,0.5
4662,0.5
4663,0.5
4664,0.5
4665,1.5
4669,0.5
4671,1.0
4672,0.5
4673,0.5
4674,0.75
4675,0.75
4676,0.5
4677,0.5
4678,1.0
4679,1.0
4681,0.5
4682,0.5
4683,1.0
4684,0.5
4688,0.5
4689,0.5
4698,1.0
4699,1.0
4701,0.5
4702,0.5
4703,1.0
4704,0.5
4705,0.5
4706,0.5
4707,0.75
4708,1.0
4710,0.5
4711,1.0
4712,0.5
4713,0.5
4714,0.5
4715,0.5
4716,0.5
4718,0.5
4719,0.5
4720,0.5
4721,0.5
4723,2.0
4724,0.5
4725,0.75
4733,1.0
4735,0.5
4736,1.0
4740,0.75
4741,0.5
4742,1.5
4743,0.5
4745,0.5
4746,0.5
4747,0.5
4749,0.5
4752,0.5
4753,0.5
4754,1.0
4755,1.0
4757,0.5
4758,1.0
4763,1.0
4764,0.5
4765,2.0
4766,0.5
4767,0.5
4768,0.5
4769,0.5
4771,0.5
4772,0.5
4773,0.5
4774,0.5
4775,0.5
4776,0.5
4778,1.0
4781,1.0
4783,0.5
4784,0.75
4785,0.5
4786,0.5
4787,0.5
4788,1.0
4789,1.0
4793,0.5
4794,0.5
4795,0.5
4796,0.5
4797,0.5
4799,0.5
4801,0.5
4802,1.0
4803,0.5
4805,0.5
4810,0.5
4811,0.5
4813,0.75
4814,0.5
4815,0.5
4816,0.5
4817,1.0
4818,0.5
4819,0.5
4821,0.5
4822,0.5
4824,0.5
4825,1.0
4826,0.5
4828,0.5
4829,0.5
4831,1.0
4832,1.0
4836,0.5
4842,0.5
4843,0.5
4846,0.5
4847,0.5
4849,0.5
4850,0.5
4851,0.5
4854,1.5
4855,1.0
4856,1.0
4858,0.75
4859,0.5
4860,0.5
4862,0.5
4863,0.5
4864,0.75
4866,0.5
4867,1.0
4868,1.0
4869,0.5
4870,0.5
4872,0.5
4876,0.5
4877,0.5
4880,1.0
4883,0.5
4885,0.5
4886,0.5
4889,0.5
4891,0.5
4894,1.0
4897,0.5
4898,1.0
4900,0.5
4901,0.5
4902,0.5
4907,0.5
4908,0.5
4909,0.5
4910,0.5
4911,0.75
4913,0.5
4914,0.5
4917,1.0
4922,0.5
4924,0.5
4925,3.0
4926,0.5
4928,0.5
4929,0.5
4930,0.5
4935,0.5
4938,0.5
4939,0.5
4940,0.5
4941,0.5
4942,1.0
4944,1.0
4948,1.0
4949,0.5
4950,0.5
4953,0.5
4954,0.5
4955,0.5
4956,1.0
4957,1.0
4958,0.5
4959,0.5
4960,0.5
4961,0.5
4962,0.5
4963,0.5
4966,0.5
4967,0.5
4968,0.5
4970,1.0
4971,0.5
4972,0.5
4973,1.0
4982,1.0
4985,0.5
4989,0.5
4990,0.5
4991,0.5
4992,0.5
4994,1.0
4995,0.5
4998,0.5
5001,0.5
5006,0.5
5007,1.0
5008,0.5
5010,0.5
5015,0.5
5016,0.5
5017,0.5
5018,0.5
5019,0.5
5020,1.0
5021,0.5
5022,0.5
5023,0.5
5024,0.5
5026,0.5
5027,0.5
5029,0.5
5033,0.5
5034,0.5
5036,0.5
5037,0.5
5040,0.5
5042,0.5
5043,0.5
5052,1.0
5059,1.0
5061,1.0
5064,0.5
5065,1.0
5066,2.0
5067,1.0
5068,0.5
5069,1.0
5071,1.5
5073,0.5
5074,0.5
5075,1.0
5076,1.5
5077,1.0
5081,0.5
5083,0.5
5084,0.5
5085,1.0
5087,0.5
5088,1.0
5089,1.5
5090,0.5
5091,0.5
5092,1.0
5093,1.0
5095,0.5
5096,1.0
5098,0.5
5099,0.75
5100,0.5
5101,0.5
5102,0.5
5106,1.5
5108,0.5
5110,0.5
5111,0.5
5113,0.5
5115,1.0
5117,0.5
5118,0.5
5121,1.0
5123,0.5
5124,0.5
5125,0.5
5126,0.5
5128,0.5
5131,0.5
5132,1.0
5133,0.5
5134,0.5
5137,1.0
5138,1.0
5139,0.5
5142,0.5
5144,0.5
5146,0.5
5148,0.5
5149,0.5
5151,0.5
5152,1.0
5153,0.5
5154,0.75
5155,1.0
5158,1.0
5159,0.5
5160,0.5
5164,1.0
5166,1.5
5169,1.0
5170,0.5
5171,0.5
5172,1.0
5173,0.5
5174,0.5
5175,0.5
5176,0.5
5177,0.75
5179,0.5
5181,1.0
5185,1.0
5186,0.5
5187,0.75
5188,0.5
5189,0.5
5192,0.5
5193,0.5
5197,0.5
5199,0.5
5201,0.5
5204,0.5
5205,0.5
5207,1.0
5208,0.5
5209,0.5
5210,0.5
5211,1.0
5214,0.5
5215,1.0
5217,0.5
5219,0.5
5220,0.5
5221,0.5
5222,1.0
5223,1.0
5225,0.5
5226,0.5
5229,0.5
5230,0.5
5231,0.5
5232,0.5
5233,1.0
5236,1.5
5238,0.5
5239,0.5
5240,0.5
5241,0.5
5242,0.5
5244,0.5
5246,0.5
5247,0.5
5249,0.75
5250,0.5
5251,1.0
5254,0.5
5255,1.0
5256,1.0
5257,0.75
5258,0.5
5259,2.0
5260,0.5
5261,0.5
5262,0.5
5264,1.0
5265,0.5
5268,1.0
5269,0.5
5270,0.5
5271,0.5
5272,0.5
5273,0.5
5279,0.5
5280,0.5
5281,0.5
5282,0.5
5283,1.0
5285,0.5
5287,0.5
5288,0.5
5289,2.0
5291,0.5
5293,0.5
5294,2.0
5295,0.5
5302,0.5
5303,0.5
5304,1.0
5305,0.5
5306,0.5
5309,0.5
5310,0.5
5315,0.75
5316,0.5
5318,0.5
5325,0.5
5332,0.5
5336,0.5
5338,0.75
5339,0.5
5341,0.5
5342,0.5
5343,0.5
5348,0.5
5349,0.5
5350,0.5
5351,0.5
5355,0.5
5356,0.5
5357,0.5
5358,0.5
5361,0.5
5363,0.5
5364,1.0
5365,0.5
5366,1.0
5368,1.0
5370,0.5
5374,0.5
5375,1.0
5377,0.5
5378,0.5
5379,0.5
5381,0.5
5382,0.5
5384,0.5
5385,0.5
5387,0.5
5388,0.5
5389,1.0
5390,0.75
5391,2.0
5392,0.5
5393,1.0
5394,0.75
5395,1.0
5396,0.5
5397,1.0
5398,0.5
5399,0.5
5401,0.5
5402,0.5
5403,0.5
5408,1.0
5411,0.75
5412,1.0
5413,0.5
5415,1.0
5417,0.5
5418,1.0
5419,0.5
5421,0.5
5423,1.5
5426,1.0
5432,0.75
5433,0.5
5434,0.5
5435,2.5
5436,0.5
5442,0.5
5443,1.0
5444,2.0
5445,1.0
5446,1.0
5448,0.5
5451,1.0
5452,0.75
5455,0.5
5458,0.75
5459,0.5
5461,1.0
5462,1.0
5463,0.5
5464,0.5
5465,0.0
5466,1.0
5467,0.5
5468,2.0
5469,0.5
5474,1.0
5476,1.0
5477,0.5
5478,0.5
5479,1.0
5480,0.5
5482,0.5
5484,0.5
5485,0.5
5486,2.0
5487,1.0
5489,5.0
5490,1.5
5491,0.5
5492,0.5
5494,0.5
5497,1.0
5498,0.5
5503,0.5
5504,0.5
5505,0.5
5506,0.5
5507,0.5
5509,0.5
5511,0.5
5512,0.5
5513,0.5
5514,0.5
5517,0.75
5518,0.5
5519,0.5
5520,1.0
5521,0.5
5523,0.5
5534,0.5
5537,0.5
5539,0.5
5540,1.0
5541,0.5
5542,1.0
5545,1.0
5547,0.5
5548,0.5
5549,1.0
5552,0.0
5558,1.0
5559,0.5
5560,0.5
5564,0.5
5565,0.5
5566,0.5
5567,0.5
5568,0.5
5570,0.5
5571,0.5
5573,0.5
5576,0.5
5578,0.5
5579,0.5
5582,1.0
5584,1.5
5585,0.5
5589,0.5
5590,1.0
5592,0.5
5595,1.0
5596,0.5
5597,0.5
5598,0.5
5599,0.5
5600,0.5
5601,0.5
5604,0.5
5605,1.5
5606,0.5
5607,1.0
5608,1.0
5609,0.5
5610,0.5
5611,0.5
5612,1.0
5614,1.0
5615,1.0
5616,0.5
5617,0.5
5619,0.5
5620,0.5
5621,0.5
5622,0.5
5623,0.5
5626,0.5
5627,1.5
5628,0.75
5630,0.75
5631,0.5
5633,0.5
5634,0.5
5636,0.5
5637,0.5
5638,0.5
5639,0.5
5641,1.0
5643,1.0
5644,0.75
5646,0.75
5647,0.75
5656,0.5
5657,0.5
5662,1.0
5664,0.75
5666,0.5
5667,0.5
5668,1.0
5671,0.5
5674,0.5
5675,0.5
5679,0.5
5680,0.5
5683,0.5
5684,0.5
5686,0.5
5687,0.5
5688,0.5
5689,0.5
5691,1.0
5692,0.5
5693,0.5
5695,0.5
5696,1.0
5698,0.5
5700,1.0
5706,0.5
5707,0.5
5708,0.5
5712,0.5
5714,1.0
5715,0.5
5722,0.5
5724,0.5
5726,0.5
5732,0.5
5734,1.0
5735,0.5
5738,0.75
5739,1.0
5741,0.5
5742,0.5
5743,1.0
5744,1.0
5745,1.0
5746,1.5
5747,0.5
5748,1.0
5750,0.75
5751,0.5
5754,0.5
5757,0.5
5758,0.5
5763,0.5
5764,0.5
5769,0.5
5770,0.5
5771,0.5
5772,0.75
5773,0.5
5774,0.5
5778,0.5
5779,0.5
5781,2.0
5783,0.5
5785,1.0
5786,0.5
5787,0.75
5788,0.5
5790,0.5
5793,0.5
5794,0.5
5795,0.5
5796,0.5
5797,0.75
5798,0.5
5799,0.5
5800,0.5
5801,0.5
5803,0.5
5804,1.0
5805,0.5
5806,0.5
5808,0.5
5810,0.5
5811,0.5
5812,1.0
5813,0.5
5814,0.75
5815,0.5
5816,1.0
5818,0.5
5820,0.5
5821,2.0
5824,0.5
5826,1.0
5827,1.0
5829,0.5
5831,0.5
5832,0.5
5834,0.5
5835,0.5
5836,0.5
5839,1.0
5842,0.5
5845,0.5
5847,1.0
5848,0.5
5849,0.5
5850,0.75
5854,0.5
5860,0.5
5863,0.5
5868,1.0
5869,0.5
5870,0.5
5871,1.0
5872,0.5
5873,1.0
5881,0.5
5882,0.5
5884,0.5
5887,1.0
5888,1.5
5889,1.0
5890,1.0
5921,0.5
5922,0.5
5924,0.5
5925,0.5
5927,0.5
5928,0.5
5929,0.5
5931,2.0
5932,1.0
5933,0.5
5934,0.5
5936,0.5
5937,0.5
5939,1.0
5940,0.5
5941,0.5
5942,0.5
5943,0.5
5944,0.5
5945,0.5
5947,0.5
5948,1.0
5949,0.75
5951,0.5
5952,0.5
5953,0.5
5955,0.5
5956,0.5
5957,0.5
5958,0.5
5959,0.5
5960,0.75
5961,0.5
5962,0.5
5963,0.5
5965,0.5
5966,0.5
5968,0.5
5969,1.0
5970,1.0
5971,0.5
5972,0.5
5973,0.5
5974,0.5
5975,0.5
5976,1.0
5977,0.5
5978,0.5
5979,0.5
5981,1.0
5983,1.0
5984,0.5
5985,2.0
5986,0.5
5987,0.5
5988,0.5
5989,1.0
5991,0.5
5993,0.5
5994,0.5
5996,0.5
6005,0.5
6006,0.5
6007,1.0
6008,0.5
6012,0.5
6033,2.0
6034,1.0
6035,1.0
6040,0.5
6041,1.0
6043,1.0
6045,0.5
6052,0.5
6056,0.5
6057,0.5
6058,0.5
6059,0.5
6061,0.5
6062,0.5
6065,1.0
6066,1.0
6067,1.0
6068,0.5
6069,2.0
6070,0.5
6071,0.5
6073,1.0
6077,1.0
6081,0.5
6086,0.5
6087,1.0
6088,0.5
6091,1.5
6094,1.0
6095,1.0
6099,0.5
6103,2.0
6104,0.5
6106,0.5
6108,1.0
6109,1.0
6110,0.5
6113,0.5
6114,0.5
6115,0.5
6116,1.0
6117,0.5
6118,0.5
6121,0.5
6122,0.5
6123,0.5
6124,0.5
6125,0.5
6126,1.0
6128,0.5
6130,0.5
6134,0.5
6135,0.5
6137,0.5
6138,1.0
6139,1.5
6141,2.0
6150,0.5
6151,0.5
6152,0.5
6153,1.0
6154,0.5
6155,0.5
6156,0.5
6157,0.5
6158,1.0
6161,0.5
6162,2.0
6164,0.5
6165,0.5
6166,0.5
6167,0.5
6168,0.5
6169,0.5
6170,0.5
6172,0.5
6173,1.0
6174,0.5
6177,0.5
6178,1.0
6179,0.5
6180,0.5
6181,0.5
6184,0.0
6185,0.5
6188,0.5
6189,1.0
6190,1.0
6191,1.0
6192,1.0
6193,0.5
6194,0.75
6195,1.0
6196,1.0
6197,1.0
6200,1.0
6203,0.5
6204,1.5
6205,0.5
6207,0.5
6210,0.5
6213,0.5
6214,0.5
6215,0.5
6217,0.5
6219,0.5
6220,0.5
6222,0.5
6224,0.5
6225,0.5
6226,0.5
6227,0.5
6228,0.5
6229,1.0
6230,0.5
6231,0.5
6232,0.5
6233,0.5
6234,1.0
6235,1.0
6236,1.0
6238,0.5
6239,0.5
6243,1.0
6245,0.5
6246,0.5
6247,0.5
6248,0.5
6249,0.5
6253,0.5
6256,0.5
6257,0.5
6258,0.5
6260,1.0
6261,0.5
6262,0.5
6263,0.5
6264,0.5
6265,0.75
6266,0.5
6267,0.5
6268,0.5
6269,0.5
6270,0.5
6271,0.5
6273,0.5
6274,0.5
6275,1.0
6276,0.5
6277,0.5
6278,0.5
6279,0.5
6281,0.5
6282,0.5
6283,0.5
6285,0.5
6287,0.5
6288,2.0
6289,0.5
6290,1.0
6291,1.0
6292,0.5
6293,0.5
6294,0.75
6295,1.0
6296,1.0
6297,0.5
6299,0.5
6301,0.5
6302,1.0
6303,2.0
6304,0.5
6305,0.5
6306,0.5
6307,0.5
6308,0.5
6309,1.0
6313,0.5
6314,0.5
6315,0.5
6316,0.5
6317,0.5
6319,0.5
6322,1.0
6323,1.0
6324,0.5
6325,0.5
6326,0.5
6327,0.5
6329,0.5
6330,0.5
6331,0.5
6332,1.0
6333,0.5
6334,0.5
6335,0.5
6337,0.5
6338,1.0
6339,0.5
6340,0.5
6342,0.5
6343,1.0
6345,0.75
6346,0.5
6347,0.5
6349,0.5
6355,0.5
6362,0.5
6363,0.5
6365,1.0
6366,1.0
6374,0.5
6380,0.5
6384,1.0
6385,0.5
6387,0.5
6400,1.0
6403,0.5
6404,1.0
6405,0.5
6407,0.5
6408,0.5
6411,0.5
6412,0.5
6414,0.5
6415,0.5
6416,0.5
6417,0.75
6418,1.0
6419,0.5
6420,0.5
6423,0.5
6424,0.5
6425,0.5
6426,1.0
6428,0.5
6429,0.5
6430,0.5
6431,0.5
6433,0.75
6435,0.5
6436,0.5
6438,0.5
6441,0.5
6461,0.5
6462,1.0
6470,0.5
6471,0.5
6472,0.5
6473,0.5
6474,0.5
6475,1.0
6478,0.5
6479,0.5
6480,0.5
6481,0.5
6483,0.5
6485,0.5
6486,0.5
6490,0.5
6491,0.5
6492,0.75
6495,1.0
6496,0.5
6499,0.5
6500,0.5
6502,1.0
6504,1.0
6508,0.75
6509,1.0
6510,0.5
6511,0.75
6513,0.5
6517,0.5
6518,1.0
6519,0.5
6520,0.5
6521,0.5
6522,1.0
6523,0.5
6524,1.0
6525,0.5
6526,0.5
6529,0.5
6530,0.5
6531,0.5
6532,0.5
6533,0.5
6534,1.0
6535,0.5
6536,0.5
6537,0.5
6538,0.5
6539,0.5
6540,0.5
6542,1.0
6544,0.5
6545,0.5
6546,0.5
6548,0.5
6549,1.0
6552,1.0
6553,0.75
6554,1.0
6555,0.5
6556,0.5
6558,1.0
6559,1.0
6560,0.75
6561,0.5
6562,1.0
6565,0.5
6566,0.5
6567,1.0
6568,0.5
6573,1.0
6575,0.5
6576,0.5
6579,0.5
6585,1.0
6586,0.5
6587,1.0
6588,0.5
6592,1.0
6593,1.0
6595,0.5
6608,0.0
6610,0.5
6613,1.0
6614,0.75
6615,0.5
6616,1.0
6618,0.5
6619,0.5
6620,0.5
6621,0.5
6622,0.5
6624,0.5
6625,0.5
6626,0.5
6627,0.5
6628,0.5
6630,0.5
6631,1.0
6632,0.5
6633,0.75
6635,0.5
6636,0.5
6638,1.0
6643,1.0
6646,0.5
6647,0.75
6648,0.5
6651,0.5
6653,0.75
6654,1.0
6655,1.0
6666,1.0
6668,0.5
6669,0.5
6670,0.5
6672,1.0
6674,1.0
6675,0.5
6676,1.0
6678,1.0
6679,0.75
6680,0.5
6682,1.0
6686,0.5
6689,0.5
6690,0.5
6691,0.5
6694,0.5
6695,0.5
6697,1.0
6699,1.0
6700,0.5
6702,0.5
6704,0.5
6709,0.75
6714,1.0
6715,0.75
6718,0.5
6719,0.5
6720,0.5
6721,0.5
6722,0.5
6723,0.5
6724,1.0
6726,0.5
6727,0.5
6728,0.5
6729,0.5
6733,0.5
6734,0.5
6755,0.5
6765,1.0
6768,0.5
6770,0.5
6773,0.5
6774,0.5
6775,1.0
6776,1.0
6777,1.0
6778,1.0
6779,1.0
6780,1.0
6781,0.5
6782,1.0
6784,0.5
6785,1.0
6787,0.5
6788,0.5
6793,0.5
6798,1.0
6800,0.5
6805,0.75
6807,1.0
6809,1.0
6811,1.0
6813,1.0
6821,0.5
6822,1.0
6823,0.5
6826,0.5
6827,1.0
6828,0.5
6829,0.5
6830,1.0
6833,1.0
6835,1.0
6836,0.5
6837,1.0
6841,0.5
6843,0.5
6844,0.5
6846,0.5
6847,1.0
6848,0.5
6849,1.0
6852,0.0
6853,0.5
6856,0.5
6858,0.5
6860,1.0
6861,1.0
6862,0.5
6864,0.5
6865,0.5
6866,0.5
6868,0.75
6869,1.0
6870,1.0
6871,0.5
6873,0.5
6874,0.5
6877,0.5
6878,0.5
6879,0.5
6880,0.5
6881,0.5
6882,0.5
6883,0.5
6884,0.5
6885,0.5
6886,0.5
6887,0.5
6888,0.5
6889,0.5
6890,0.5
6891,0.5
6892,0.5
6893,0.5
6894,0.5
6895,0.5
6896,0.5
6897,0.5
6898,0.5
6899,0.5
6900,0.5
6901,0.5
6902,0.5
6903,1.0
6904,0.5
6905,0.5
6906,0.5
6907,0.5
6908,0.5
6909,0.5
6910,0.5
6911,0.5
6912,0.5
6913,0.5
6914,1.0
6915,0.5
6916,0.5
6917,0.75
6918,0.5
6919,1.0
6920,1.0
6921,0.5
6922,1.0
6923,1.0
6924,1.0
6925,0.5
6926,0.5
6927,0.5
6928,0.5
6929,0.5
6930,0.5
6931,0.5
6932,1.0
6933,0.75
6934,0.5
6935,1.0
6936,1.0
6937,0.5
6938,1.0
6939,0.5
6940,0.5
6941,1.0
6942,0.5
6943,0.5
6944,0.5
6945,0.5
6946,0.5
6947,0.75
6948,0.5
6949,0.5
6950,2.0
6951,0.5
6952,1.0
6953,2.0
6954,0.5
6955,0.5
6956,0.5
6957,0.5
6958,0.5
6959,0.5
6960,0.5
6961,0.5
6962,0.5
6963,0.5
6964,0.5
6965,0.5
6966,0.5
6967,0.5
6968,0.5
6969,0.5
6970,0.5
6971,0.5
6972,0.5
6973,0.5
6974,0.5
6975,0.5
6976,0.5
6977,0.5
6978,0.5
6979,0.5
6980,0.5
6981,0.5
6982,0.5
6983,1.0
6984,1.0
6985,0.5
6986,0.75
6987,0.5
6988,0.5
6989,0.5
6990,0.5
6991,1.0
6992,0.5
6993,0.5
6994,0.5
6995,0.5
6996,0.5
6997,0.5
6998,1.0
6999,0.5
7000,0.5
7001,0.5
7002,0.5
7003,0.5
7004,0.5
7005,0.5
7006,0.5
7007,0.5
7008,1.0
7009,0.75
7010,1.0
7011,0.5
7012,0.5
7013,0.5
7014,0.5
7015,0.5
7016,1.0
7017,0.5
7018,0.5
7019,0.5
7020,0.5
7021,0.75
7022,1.0
7023,0.5
7024,1.5
7025,2.0
7026,0.5
7027,0.5
7028,0.5
7029,0.5
7030,1.0
7031,0.5
7032,0.5
7033,0.5
7034,0.5
7035,1.0
7036,1.0
7037,0.5
7038,1.0
7039,0.5
7040,0.5
7041,0.5
7042,0.75
7043,0.5
7044,1.0
7045,1.0
7046,0.5
7047,0.5
7048,0.5
7049,0.5
7050,1.0
7051,1.0
7052,0.5
7053,0.5
7054,0.5
7055,0.5
7056,1.0
7057,0.5
7058,0.5
7059,0.75
7060,0.5
7061,0.5
7062,1.0
7063,0.5
7064,0.5
7065,1.0
7066,0.5
7067,0.75
7068,0.5
7069,0.5
7070,0.5
7071,0.75
7072,0.5
7075,1.0
7076,0.5
7077,1.0
7078,1.0
7079,1.0
7080,1.0
7081,2.0
7082,1.0
7083,2.0
7084,1.0
7085,1.0
7086,0.5
7087,1.0
7088,0.75
7089,0.75
7090,0.5
7091,0.5
7092,1.0
7093,0.5
7094,1.0
7095,0.5
7096,0.5
7097,1.0
7098,1.0
7099,0.5
7100,0.5
7101,0.5
7102,0.5
7103,0.5
7104,0.5
7105,0.5
7106,0.5
7107,0.5
7108,0.5
7109,0.5
7110,0.5
7111,0.5
7112,1.0
7113,0.5
7114,0.5
7115,0.5
7116,1.0
7117,0.5
7118,0.5
7119,0.5
7120,1.0
7121,0.5
7122,0.5
7123,0.5
7124,0.5
7125,1.0
7126,0.5
7127,0.5
7128,0.5
7129,0.5
7130,0.5
7131,0.5
7132,1.0
7133,0.5
7134,0.5
7135,0.5
7136,0.5
7137,0.5
7138,1.0
7139,1.0
7140,0.5
7141,0.5
7142,0.5
7143,0.5
7144,0.5
7145,0.5
7146,0.5
7147,1.0
7148,1.0
7149,1.0
7150,0.5
7151,0.5
7152,1.0
7153,1.0
7154,1.0
7155,0.5
7156,0.75
7157,0.5
7158,0.5
7159,0.5
7160,1.0
7161,0.5
7162,1.0
7163,1.0
7164,1.0
7165,1.0
7166,1.0
7167,0.5
7168,0.5
7169,1.0
7170,1.0
7171,1.0
7172,1.0
7173,1.0
7174,1.0
7175,0.5
7176,1.0
7177,1.0
7178,1.0
7179,1.0
7180,1.0
7181,1.0
7182,1.0
7183,1.0
7184,0.5
7185,1.0
7186,1.0
7187,0.5
7188,1.0
7189,1.0
7190,1.0
7191,1.0
7192,1.0
7193,1.0
7194,1.0
7195,1.0
7196,1.0
7197,0.5
7198,1.0
7199,1.0
7200,0.5
7201,0.5
7202,0.5
7203,0.5
7204,0.5
7205,0.5
7206,0.5
7207,0.5
7208,0.5
7209,0.5
7210,1.0
7211,0.5
7212,0.5
7213,0.5
7214,0.5
7215,0.5
7216,0.5
7217,0.5
7218,0.5
7219,0.5
7220,1.0
7221,0.5
7222,0.5
7223,0.5
7224,0.5
7225,0.5
7226,0.5
7227,0.5
7228,0.5
7229,0.5
7230,0.5
7231,0.5
7232,0.5
7233,0.5
7234,0.5
7235,0.5
7236,0.5
7237,0.5
7238,1.0
7239,0.5
7240,0.5
7241,0.5
7242,0.5
7243,0.5
7244,0.5
7245,0.5
7246,1.0
7247,0.5
7248,0.5
7249,0.75
7250,1.0
7251,0.5
7252,0.75
7253,0.5
7254,0.5
7255,0.5
7256,0.5
7257,1.0
7258,1.0
7259,0.5
7260,0.5
7261,1.0
7262,1.0
7263,1.0
7264,1.0
7265,0.5
7266,1.0
7267,1.0
7268,0.5
7269,0.5
7270,0.5
7271,0.5
7272,0.5
7273,0.5
7274,0.5
7275,0.5
7276,0.5
7277,0.5
7278,0.5
7279,0.5
7280,0.5
7281,0.5
7282,0.5
7283,0.5
7284,0.5
7285,0.5
7286,0.5
7288,0.5
7289,0.5
7290,0.5
7291,0.5
7292,0.5
7293,0.5
7294,1.0
7295,0.75
7296,0.5
7297,0.5
7298,1.0
7299,0.5
7300,0.5
7301,0.5
7302,1.0
7303,0.5
7304,0.5
7305,0.5
7306,0.75
7308,1.0
7309,1.0
7310,1.0
7311,1.0
7312,0.5
7313,0.5
7314,0.5
7315,0.5
7316,1.0
7317,0.5
7318,1.0
7319,0.5
7320,0.5
7321,1.0
7322,1.0
7323,0.5
7324,0.5
7325,0.5
7326,0.5
7327,1.0
7328,0.75
7329,1.0
7330,1.0
7331,0.5
7332,0.5
7333,0.5
7334,0.5
7335,0.5
7336,1.0
7337,0.5
7338,0.75
7339,0.5
7340,0.5
7341,0.5
7342,0.5
7343,0.5
7344,0.5
7345,0.75
7346,1.0
7347,0.5
7348,1.0
7349,1.0
7350,0.5
7351,0.5
7352,0.5
7353,0.5
7354,0.5
7355,0.5
7356,0.5
7357,1.0
7358,0.5
7359,1.0
7360,0.5
7361,1.0
7362,1.0
7363,0.5
7364,1.0
7365,1.0
7366,1.0
7367,1.0
7368,1.0
7369,0.5
7370,1.0
7371,0.5
7372,2.0
7373,0.5
7374,0.5
7375,1.0
7376,0.75
7377,1.0
7378,1.0
7379,1.0
7380,0.5
7381,0.5
7382,0.5
7383,1.0
7384,0.5
7385,0.5
7386,1.0
7387,0.5
7388,0.5
7389,1.0
7390,0.5
7391,1.0
7392,0.5
7393,0.5
7394,0.5
7395,0.5
7396,0.5
7397,0.5
7398,0.5
7399,0.5
7400,0.75
7401,0.5
7402,0.5
7403,1.0
7404,0.5
7405,0.5
7406,0.5
7407,0.5
7408,0.5
7409,0.5
7410,0.5
7411,0.75
7412,0.5
7413,0.5
7414,0.5
7415,0.75
7416,0.5
7417,0.5
7418,0.5
7419,1.0
7420,0.5
7421,1.0
7422,0.5
7423,0.5
7424,1.0
7425,0.75
7426,0.5
7427,0.5
7428,0.5
7429,0.5
7430,0.5
7431,0.5
7432,0.5
7433,0.5
7434,0.5
7435,0.5
7436,1.0
7437,0.5
7438,0.5
7439,1.0
7440,1.0
7441,0.75
7442,1.0
7443,1.0
7444,1.0
7445,1.0
7446,0.5
7447,0.5
7448,0.5
7449,0.5
7450,0.5
7451,0.5
7452,1.0
7453,0.5
7454,0.5
7455,0.5
7456,1.0
7457,0.5
7458,0.5
7459,1.0
7460,0.5
7461,0.5
7462,0.5
7463,0.5
7464,0.5
7465,0.5
7466,1.0
7467,0.5
7468,0.5
7469,0.5
7470,0.5
7471,0.5
7472,0.5
7473,0.5
7474,0.5
7475,0.75
7476,0.5
7477,0.5
7478,0.5
7479,0.5
7480,0.5
7481,0.5
7482,0.5
7483,1.0
7484,0.5
7485,0.5
7486,0.5
7487,0.5
7488,0.5
7489,0.5
7490,0.5
7491,0.5
7492,0.5
7493,0.5
7494,1.0
7495,0.5
7496,0.5
7497,0.5
7498,0.5
7499,1.0
7500,1.0
7501,1.0
7502,1.0
7503,0.5
7504,0.5
7505,0.5
7506,0.5
7507,0.5
7508,0.5
7509,1.0
7510,0.5
7511,0.75
7512,0.5
7513,0.5
7514,0.5
7515,0.5
7516,0.5
7517,0.5
7518,0.5
7519,0.5
7520,0.5
7521,0.5
7522,0.5
7523,0.5
7524,0.5
7525,0.5
7526,0.5
7527,0.5
7528,1.0
7529,1.0
7530,1.0
7531,0.5
7532,0.5
7533,0.5
7534,0.5
7535,0.5
7536,0.5
7537,0.75
7538,0.5
7539,1.0
7540,0.5
7541,1.0
7542,1.0
7543,0.5
7544,0.5
7545,1.0
7546,0.5
7547,0.5
7548,0.5
7549,0.5
7550,0.5
7551,0.5
7552,0.5
7553,0.5
7554,0.5
7555,0.5
7556,1.0
7557,0.5
7558,1.0
7559,1.0
7560,0.5
7561,0.5
7562,0.5
7563,1.0
7565,0.5
7566,0.5
7567,0.5
7568,0.5
7569,0.5
7570,0.5
7571,1.0
7572,0.5
7573,1.0
7574,0.5
7575,1.0
7576,1.0
7577,0.5
7578,0.5
7579,0.75
7580,0.75
7581,1.0
7582,0.75
7583,1.0
7584,0.75
7585,1.0
7586,0.5
7587,1.0
7588,0.5
7589,0.75
7590,1.0
7591,0.5
7592,1.0
7593,1.0
7594,0.5
7595,1.0
7596,1.0
7597,0.5
7598,0.5
7599,0.5
7600,0.5
7601,0.5
7602,0.5
7603,0.5
7604,0.5
7605,0.5
7606,0.5
7607,0.5
7608,0.5
7609,1.5
7610,0.5
7611,1.0
7612,0.5
7613,0.5
7614,0.5
7615,0.5
7616,0.5
7617,0.5
7618,0.5
7619,1.0
7620,1.0
7621,1.5
7622,1.0
7623,0.5
7624,0.5
7625,0.5
7626,0.5
7627,0.5
7628,0.5
7629,0.5
7630,0.5
7631,1.0
7632,0.5
7633,0.5
7634,0.5
7635,0.5
7636,0.5
7637,0.75
7638,1.0
7639,1.0
7640,0.5
7641,1.0
7642,1.0
7643,1.0
7644,0.5
7645,0.75
7646,0.5
7647,0.5
7648,0.5
7649,0.5
7650,0.5
7651,0.5
7652,1.0
7653,1.0
7654,1.0
7655,1.0
7656,0.75
7657,0.5
7658,1.0
7659,0.75
7660,0.5
7661,1.0
7662,0.5
7663,1.0
7664,0.5
7665,0.5
7666,1.0
7667,1.0
7668,0.5
7669,1.0
7670,0.5
7671,1.0
7672,1.0
7673,1.0
7674,0.5
7675,0.5
7676,0.5
7677,0.5
7678,0.5
7679,0.5
7680,0.5
7681,0.5
7682,0.5
7683,0.5
7684,1.0
7685,1.0
7686,0.5
7687,0.5
7688,1.0
7689,0.5
7690,0.5
7691,0.5
7692,0.75
7693,0.5
7694,0.5
7695,0.5
7696,0.5
7697,1.0
7698,0.5
7699,1.0
7700,1.0
7701,0.5
7702,0.5
7703,1.0
7704,1.0
7705,1.0
7706,1.0
7707,0.75
7708,1.0
7709,1.0
7710,1.0
7711,1.0
7712,0.75
7713,0.5
7714,0.5
7715,1.0
7716,0.5
7717,1.0
7718,0.75
7719,1.0
7720,1.0
7721,0.5
7722,1.0
7723,1.0
7724,0.5
7725,1.0
7726,1.0
7727,0.5
7728,1.0
7729,1.0
7730,0.5
7731,0.5
7732,1.0
7733,1.0
7734,1.0
7735,1.0
7736,1.0
7737,1.0
7738,1.0
7739,1.0
7740,0.5
7741,1.0
7742,1.0
7743,0.75
7744,1.0
7745,1.0
7746,1.0
7747,1.0
7748,1.0
7749,1.0
7750,1.0
7751,1.0
7752,1.0
7753,1.0
7754,1.0
7755,1.0
7756,0.5
7757,1.0
7758,1.0
7759,1.0
7760,1.0
7761,0.5
7762,1.0
7763,1.0
7764,1.0
7765,0.75
7766,0.75
7767,0.5
7768,0.5
7769,1.0
7770,1.0
7771,0.5
7772,0.5
7773,1.0
7774,0.5
7775,1.0
7776,1.0
7777,1.0
7778,1.0
7779,1.0
7780,1.0
7781,1.0
7782,0.75
7783,1.0
7784,1.0
7785,1.0
7786,0.75
7787,0.5
7788,0.5
7789,0.5
7790,0.5
7791,0.5
7792,0.5
7793,0.5
7794,0.5
7795,0.5
7796,0.5
7797,0.5
7798,0.5
7799,0.5
7800,1.0
7801,1.0
7802,0.5
7803,0.5
7804,0.5
7805,0.5
7806,1.0
7807,0.5
7808,0.5
7809,0.5
7810,0.5
7811,0.5
7812,1.0
7813,0.5
7814,0.75
7815,0.5
7816,1.0
7817,0.5
7818,1.0
7819,0.5
7820,0.5
7822,0.5
7823,0.5
7824,0.0
7825,0.5
7826,0.5
7827,1.0
7828,0.5
7829,0.5
7830,0.5
7831,0.5
7832,1.0
7833,0.5
7834,0.5
7835,2.0
7837,0.5
7839,0.5
7840,0.5
7841,0.5
7842,1.0
7843,0.5
7844,1.0
7845,1.0
7846,0.5
7847,0.5
7848,0.5
7849,0.5
7850,0.5
7851,1.0
7852,0.5
7853,0.5
7854,0.5
7855,1.0
7856,1.5
7857,0.5
7858,0.5
7859,0.5
7860,0.5
7862,0.5
7863,0.5
7864,0.5
7865,0.5
7866,0.75
7867,1.0
7868,1.0
7869,0.5
7870,0.5
7871,0.5
7872,0.5
7873,0.5
7874,0.5
7875,0.5
7876,0.5
7877,0.5
7878,0.5
7879,0.5
7880,0.5
7881,1.0
7882,0.5
7883,0.5
7884,0.75
7885,0.75
7886,0.75
7887,0.5
7888,0.5
7889,1.0
7890,0.5
7891,0.5
7892,0.5
7893,0.5
7894,0.5
7895,0.5
7896,0.5
7897,0.5
7898,1.0
7899,0.5
7900,1.0
7901,1.0
7902,0.5
7903,0.75
7904,1.0
7905,0.75
7906,0.5
7907,1.0
7908,1.0
7909,0.5
7910,0.5
7911,0.5
7912,0.5
7913,0.5
7914,1.0
7915,0.5
7916,0.5
7917,0.5
7918,0.75
7919,1.0
7920,0.5
7921,0.75
7922,0.5
7923,0.75
7924,1.0
7925,0.5
7926,0.5
7927,0.5
7928,0.5
7929,0.5
7930,0.5
7931,0.5
7932,0.5
7933,0.5
7934,1.0
7935,0.5
7936,1.0
7937,1.0
7938,1.0
7939,1.0
7940,0.5
7941,1.0
7942,0.5
7943,0.75
7944,0.5
7945,0.75
7946,0.5
7947,0.5
7948,0.5
7949,0.5
7950,1.0
7951,1.0
7952,1.0
7953,0.5
7954,0.75
7955,0.5
7956,0.5
7957,0.5
7958,0.5
7959,0.75
7960,0.5
7961,0.75
7962,1.0
7963,0.5
7964,1.0
7965,0.75
7966,1.0
7967,0.5
7968,0.5
7969,0.5
7970,0.75
7971,1.0
7972,1.0
7973,1.0
7974,1.0
7975,0.5
7976,0.5
7977,1.0
7978,1.0
7979,0.5
7980,1.0
7981,0.5
7982,1.0
7983,1.0
7984,1.0
7985,1.0
7986,0.5
7987,0.5
7988,1.0
7989,0.5
7990,0.5
7991,0.5
7992,0.5
7993,1.0
7994,0.5
7995,0.5
7996,0.5
7997,0.5
7998,0.5
7999,0.5
8000,0.5
8001,1.0
8002,1.0
8003,0.5
8004,1.0
8005,0.5
8006,0.5
8007,0.5
8008,0.5
8009,0.5
8010,0.5
8011,1.0
8012,1.0
8013,0.5
8014,0.5
8015,1.0
8016,0.5
8017,0.5
8018,1.0
8019,1.0
8020,1.0
8021,1.0
8022,1.0
8023,1.0
8024,1.0
8025,0.5
8026,0.75
8027,1.0
8028,1.0
8029,0.5
8030,1.0
8031,0.5
8032,0.5
8033,1.0
8034,0.5
8035,1.0
8036,1.0
8037,1.0
8038,1.0
8039,1.0
8040,0.5
8041,1.0
8042,1.0
8043,0.5
8044,1.0
8045,1.0
8046,1.0
8047,1.0
8048,0.5
8049,0.5
8050,1.0
8051,0.5
8052,0.5
8053,0.5
8054,1.0
8055,0.5
8056,1.0
8057,1.0
8058,0.5
8059,1.0
8060,1.0
8061,0.5
8062,0.5
8063,0.5
8064,1.0
8065,1.0
8066,0.5
8067,1.0
8068,1.0
8069,1.0
8070,0.5
8071,0.5
8072,0.5
8073,1.0
8074,1.0
8075,1.0
8076,0.5
8077,0.5
8078,0.5
8079,0.5
8080,1.0
8081,0.5
8082,1.0
8083,0.5
8084,0.5
8085,0.5
8086,1.0
8087,1.0
8088,1.0
8089,0.5
8090,1.0
8091,1.0
8092,1.0
8093,1.0
8094,1.0
8095,0.5
8096,0.5
8097,1.0
8098,1.0
8099,0.5
8100,0.5
8101,1.0
8102,0.5
8103,0.5
8104,0.5
8105,0.5
8106,0.5
8107,0.5
8108,0.5
8109,0.5
8110,0.5
8111,0.5
8112,0.75
8113,0.5
8114,0.5
8115,0.5
8116,0.5
8117,0.75
8118,0.5
8119,0.5
8120,0.5
8121,0.5
8122,0.5
8123,0.5
8124,0.5
8125,0.5
8126,0.5
8127,0.5
8128,1.0
8129,0.5
8130,0.5
8131,0.5
8132,0.5
8133,0.5
8134,0.5
8135,0.5
8136,0.5
8137,0.5
8138,0.5
8139,0.75
8140,0.5
8141,0.5
8142,0.5
8143,0.5
8144,1.0
8145,0.5
8146,0.5
8147,0.5
8148,0.5
8149,0.5
8150,0.5
8151,0.5
8152,0.5
8153,0.5
8154,0.5
8155,0.5
8156,0.5
8157,1.0
8158,0.5
8159,0.5
8160,0.5
8161,0.75
8162,0.5
8163,0.5
8164,0.5
8165,0.5
8166,1.0
8167,0.5
8168,0.5
8169,1.0
8170,0.5
8171,0.5
8172,1.0
8173,0.5
8174,0.75
8175,0.5
8176,1.0
8177,0.5
8178,0.5
8179,0.5
8180,0.5
8181,1.0
8182,1.0
8183,0.5
8184,1.0
8185,0.5
8186,1.0
8187,1.0
8188,1.0
8189,0.5
8190,1.0
8191,0.75
8192,1.0
8193,0.5
8194,0.5
8195,0.5
8196,0.5
8197,0.5
8198,0.5
8199,1.0
8200,0.5
8201,1.0
8202,0.5
8203,0.5
8204,0.75
8205,1.0
8206,1.0
8207,0.5
8208,0.5
8209,0.5
8210,0.5
8211,0.5
8212,1.0
8213,0.5
8214,0.5
8215,0.5
8216,0.5
8217,0.5
8218,0.5
8219,0.5
8220,1.0
8221,0.75
8222,1.0
8223,0.5
8224,1.0
8225,0.5
8226,0.5
8227,0.5
8228,1.0
8229,0.5
8230,0.5
8231,0.5
8232,0.5
8233,0.5
8234,0.5
8235,1.0
8236,0.5
8237,0.5
8238,1.0
8239,0.5
8240,0.5
8241,0.5
8242,0.75
8243,0.5
8244,0.75
8245,0.5
8246,0.5
8247,0.5
8248,0.5
8249,0.5
8250,1.0
8251,1.0
8252,0.5
8253,0.75
8254,0.5
8255,0.5
8256,0.5
8257,1.0
8258,0.5
8259,0.5
8260,0.5
8261,1.0
8262,1.0
8263,1.0
8264,0.5
8265,1.0
8266,1.0
8267,1.0
8268,0.5
8269,0.5
8270,1.0
8271,1.0
8272,0.5
8273,0.5
8274,0.5
8275,0.5
8276,0.5
8277,0.5
8278,0.5
8279,0.5
8280,0.5
8281,0.5
8282,0.5
8283,0.5
8284,0.5
8285,0.5
8286,0.5
8287,0.75
8288,0.5
8289,0.5
8290,0.5
8291,0.5
8292,0.5
8293,0.5
8294,0.5
8295,0.5
8296,0.5
8297,0.5
8298,0.5
8299,0.5
8300,0.5
8301,0.5
8302,0.5
8303,0.5
8304,1.0
8305,1.0
8306,1.0
8307,1.0
8308,1.0
8309,0.75
8310,1.0
8311,1.0
8312,0.75
8313,0.75
8314,0.5
8315,0.5
8316,0.75
8317,0.5
8318,0.5
8319,0.5
8320,1.0
8321,0.5
8322,0.5
8323,0.5
8324,0.5
8325,0.5
8326,1.0
8327,0.5
8328,1.0
8329,0.5
8330,0.5
8331,0.5
8332,1.0
8333,0.5
8334,0.75
8335,1.0
8336,0.75
8337,1.0
8338,1.0
8339,0.5
8340,1.0
8341,1.0
8342,1.0
8343,0.75
8344,1.0
8345,0.75
8346,1.0
8347,0.75
8348,0.5
8349,0.75
8350,1.0
8351,1.0
8352,0.5
8353,0.5
8354,1.0
8355,0.5
8356,1.0
8357,0.5
8358,1.0
8359,1.0
8360,0.5
8361,1.0
8362,1.0
8363,0.5
8364,0.5
8365,0.5
8366,0.5
8367,0.5
8368,1.0
8369,0.5
8370,0.5
8371,0.5
8372,0.5
8373,1.0
8374,0.5
8375,0.5
8376,0.5
8377,1.0
8378,1.0
8379,1.0
8380,0.5
8381,0.5
8382,0.5
8383,0.5
8384,0.5
8385,0.5
8386,0.5
8387,0.5
8388,1.0
8389,0.5
8390,0.5
8391,0.5
8392,0.5
8393,0.5
8394,0.5
8395,0.5
8396,0.75
8397,0.5
8398,0.5
8399,1.0
8400,0.5
8401,0.5
8402,0.5
8403,0.5
8404,1.0
8405,1.0
8406,0.5
8407,0.75
8408,0.5
8409,1.0
8410,1.0
8411,0.5
8412,1.0
8413,1.0
8414,0.5
8415,1.0
8416,0.5
8417,1.0
8418,0.5
8419,1.0
8420,1.0
8421,1.0
8422,0.5
8423,1.0
8424,0.5
8425,1.0
8426,1.0
8427,0.5
8428,1.0
8429,1.0
8430,0.5
8431,0.5
8432,0.5
8433,0.5
8434,0.5
8435,0.5
8436,0.5
8437,0.5
8438,0.5
8439,0.5
8440,0.5
8441,0.5
8442,0.75
8443,1.0
8444,0.75
8445,1.0
8446,0.5
8447,0.5
8448,1.0
8449,1.0
8450,0.5
8451,1.0
8452,0.5
8453,0.5
8454,0.5
8455,0.5
8456,0.5
8457,0.5
8458,1.0
8459,1.0
8460,0.5
8461,0.5
8462,0.5
8463,0.5
8464,0.5
8465,0.5
8466,0.5
8468,0.5
8469,1.0
8470,1.0
8471,0.5
8472,0.5
8473,0.5
8474,0.5
8475,1.0
8476,1.25
8477,0.5
8478,0.5
8479,0.5
8480,0.75
8481,1.0
8482,0.5
8483,0.5
8484,0.5
8485,0.5
8486,1.0
8487,0.5
8488,0.5
8489,0.5
8490,0.5
8491,1.0
8492,0.5
8493,1.0
8494,0.5
8495,0.5
8496,0.5
8497,0.5
8498,0.5
8499,0.5
8500,0.5
8501,0.5
8502,0.5
8503,1.5
8504,1.0
8505,0.5
8506,0.5
8507,1.0
8508,0.5
8509,0.5
8510,0.5
8511,0.75
8512,0.75
8513,0.5
8514,0.5
8515,0.5
8516,0.5
8517,1.0
8518,0.5
8519,1.0
8520,1.0
8521,1.0
8522,0.5
8523,0.5
8524,0.5
8525,1.5
8526,0.5
8527,0.5
8528,0.5
8529,0.5
8530,1.0
8531,1.0
8532,1.0
8533,0.5
8534,0.75
8535,1.0
8536,0.5
8537,1.0
8538,1.0
8539,1.0
8540,0.5
8541,0.5
8542,0.5
8543,0.5
8544,0.5
8545,0.5
8546,0.5
8547,0.5
8548,0.5
8549,1.0
8550,1.0
8551,1.0
8552,0.5
8553,0.5
